transaction_hash,transaction_index,block_number,gas_used,effective_gas_price,base_fee_per_gas,earn_txn_fee
0x97059d9854472accf9c6d6b908e56377e4c30f0214b73bca76348d77ed6f62bb,0,19000063,115753,35100000000,15804054572,2233563571127284
0xe4fde5bd367bdd4e914aca9613096c1f99dee17567cc292e2ab2de93fda0f4e8,1,19000063,50023,24000000000,15804054572,409985778144844
0x8897e67d80ec85c72d192595fe46d597d9c3218872996b7770b7f3d71b0842d1,2,19000063,21000,23924004227,15804054572,170518942755000
0x59d6c284f2c77a79ecdf8c69034baa55ef9dcc38db1b374746fbe0b8f9e58b88,3,19000063,46097,22204054572,15804054572,295020800000000
0x9eaa49d840fa1441882d5161173f4da8e57689eacceb34a863c0bab6c820d442,4,19000063,46577,20804054572,15804054572,232885000000000
0x04b361cc7427a669c03d93ac9e1795bf3e0cbbeccf1c48266fe815326002cc74,5,19000063,222688,20400000000,15804054572,1023461895470464
0x61ec76e35271a82666d7ce1c8a1d6808a58e45cdec3c7cb52f4c17a19ceb6132,6,19000063,21000,19750000000,15804054572,82864853988000
0x2e2e18679ccacc6adcd61bca6e44155cb736cd1440343d496b5b17e5d15c6a48,7,19000063,21000,19000000000,15804054572,67114853988000
0x440b89b022b9d8f174f358da1a16d87b069ff625a6855d61f3bec2af1c2404de,8,19000063,47255,18804054572,15804054572,141765000000000
0xc3e1e9413c6892a7cc4a3f532573c933524323d8ca809c98e1d6419ebe505083,9,19000063,46608,18804054572,15804054572,139824000000000
0x6c9c80805999fbc8468d4c18f4ee7d11f967579cf42ac5c95a232efd78645f0d,10,19000063,21000,18673675472,15804054572,60262038900000
0x6e0d42d3c4afa656904bd0b06f0bc57d8d234e5abaf9d66ae2caf59f6a61f52e,11,19000063,21000,18557461878,15804054572,57821553426000
0x8fef8336e777aba2a9aa7a21249a3fc815eb075aa5a887025df9bb18a3104e5d,12,19000063,63197,17804054572,15804054572,126394000000000
0x20673f810427bd42b68f9dc43217bef364dd76da0b0f4ec768481da92604e9e0,13,19000063,21000,17804054572,15804054572,42000000000000
0xd78e418ed57b3eccf8d051aee6f571cac7181b3f2e16b7daf541444c4a348d46,14,19000063,21000,17804054572,15804054572,42000000000000
0xec53b46996e3d221a3d9f59fc303961ee8ba9805841cc76c7d1d26867e25b570,15,19000063,46097,17804054572,15804054572,92194000000000
0xb71844501c181fcea15fe502597451ca8d871161d9376634b4cfb0b621a09e63,16,19000063,21000,17804054572,15804054572,42000000000000
0xdf50e69da2bfefc07ef7e7423499d6d087b47cff7c1784badb554aaec9ff0f21,17,19000063,60486,17804054572,15804054572,120972000000000
0x8be71d9e18bcc22c5c0ddd467f615af04855f205694f00b9d6b16094e02515a1,18,19000063,46097,17804054572,15804054572,92194000000000
0x2519f5f5ce63a05374444eaf1216a46e23d98531700dc2857d51932fd8f25019,19,19000063,46097,17804054572,15804054572,92194000000000
0xcfb17dfb851b1b2174ed760f8a06be09cb300280f837e1a122b240adf3440b0f,20,19000063,21000,17804054572,15804054572,42000000000000
0x04037b6f1528cfcd9a401e505e7b9f4c5f4930c407644a39cb26cb1a035fad7f,21,19000063,21000,17804054572,15804054572,42000000000000
0x864b41ba17d357d2bb341ec0f91217342160f531ed570cbb3dc81750dcca85f5,22,19000063,21000,17804054572,15804054572,42000000000000
0xd4e1be46e374d31556b8b795bdabb242cef43322c691a3b156fc454413d06252,23,19000063,21000,17804054572,15804054572,42000000000000
0xb854ec8852d85105ddb12b107f3e6f8adff9602384482b3a7ca947452e8facae,24,19000063,21000,17726416132,15804054572,40369592760000
0x2d449ee84cce7833f2d3204bfb935cab2154895cd20914aff18452e77a0e98bf,25,19000063,63209,17726416132,15804054572,121510551846040
0x49018448cf0fc72b57b3d68a91488625843a60d7a51564bf98b4c1e857bcde94,26,19000063,297297,17546069923,15804054572,517895937806247
0xb319354c2ed36b84977a1442369e765c248f6475b53cef7a1a320421bb3a4418,27,19000063,58178,17304054572,15804054572,87267000000000
0xe28864d1c4d28f79513f4868f2305a039a8ffd4e93e3a592e08cef6420b8e441,28,19000063,21000,17304054572,15804054572,31500000000000
0xa9ed19ace9b3748c7d039727aecf41279485877471267bc4a29cbcf1f3b7b19b,29,19000063,21000,17000000000,15804054572,25114853988000
0xbf859587c3d3834a2366d8b3d6bb215ed170dcef9cfaba84db0b3efb0e6d1e24,30,19000063,40360,16920669943,15804054572,45066596373560
0x6d005e925e424c87badf45e3bbb61cd2f47e7b1de86b94075ac9b8cf65aafa0e,31,19000063,21000,16804054572,15804054572,21000000000000
0xc216cdfdfc3d69de93d70bd8061d091550674517eb56e292369414c7dcfa2e62,32,19000063,40360,16804054572,15804054572,40360000000000
0x846b3305670fb418e3b8517c285e60e860bae38eab13577b6d806127e71f099d,33,19000063,68656,16804054572,15804054572,68656000000000
0x7168e8e1a5bdfd8577395221011ac5d6551dc03e8dd35915315dfc461daf0d57,34,19000063,266574,16606733501,15804054572,213973332819246
0x2835a7904c2e0dff603d3649c7ac3e0a50122a603065a6a175afe5d520d6053d,35,19000063,21000,16093085769,15804054572,6069655137000
0x88a399fff406483eb78d811582cfdc4258ffdf91459ae41bbaaf36cf34771315,36,19000063,21000,16606733501,15804054572,16856257509000
0x99060b3d7a0e2b56559623cd8bb0d353532ef57f1d143984fc26a42616d18178,37,19000063,21000,16528763016,15804054572,15218877324000
0xaac6db015c06b9c8d1e2d10149bc391da553b2d53ca1fe6f8c72906bfc502b3b,38,19000063,21000,16516280852,15804054572,14956751880000
0xfd1f2266dc0799b72d21821896ce1efaa9e991468749fce0c64e0822c62a021a,39,19000063,21000,16516280852,15804054572,14956751880000
0x19d999bc4a15aff19925c69b7346e92f36f9e729b4dc53b91ecc1e70637b11dd,40,19000063,21000,16516280852,15804054572,14956751880000
0xb5459b6cb0d9d06ea92b4c025ab535419d501ab1cac3dd86569f016bf5d6f6e2,41,19000063,21000,16516280852,15804054572,14956751880000
0x3ec236596d2a429e92b6d7824fd7b9d1eeeba2db8e44600a392c0396c0b1d210,42,19000063,154528,16355972993,15804054572,85286849760288
0x000004a982211918d5240745a1792facc2a628f13595f4f0ea3c7fa8e715f08a,43,19000063,22808,16304054572,15804054572,11404000000000
0xc2c606ffb28784b8df8574ad204e643d0c39e835de2a020fd714826dc7b24638,44,19000063,21000,16304054572,15804054572,10500000000000
0xe918b7bf0738595a236f8c57e6a4ea80fe077944953bde14138e5548d805ca48,45,19000063,47246,16304054572,15804054572,23623000000000
0x7af7112103300dc5461f0e5ce48db27cbf8e1a5fe5046c91d95aed4f3726a2b2,46,19000063,21000,16212746975,15804054572,8582540463000
0x904dc71069342357052bd2559a876c3d6a03accc5f7c5312fbf73bc60c79bd6f,47,19000063,21000,16114923756,15804054572,6528252864000
0x095ca8661d8f6db5e89901ba3f66c14af625340520b2bd30fb94ab5f27e09df8,48,19000063,21000,16114923756,15804054572,6528252864000
0x26b948749fb3ba7828bb9d14342485df094354533fa853eb487d58cb7883d4dc,49,19000063,21000,16114923756,15804054572,6528252864000
0x3595c6795094758777adb7826d56e4d6c1e698586372fdcc57babb2eb837c69b,50,19000063,46616,16104054572,15804054572,13984800000000
0x4b3da343192843f5b223f934e3ad3b032cb0264d1f5310f0c5d8e59a8f93a900,51,19000063,311412,16104054572,15804054572,93423600000000
0xa4a920429307bc8a6174d480f84d0c078ee3bc2f63df20fd817f93d776722b75,52,19000063,154842,16104054572,15804054572,46452600000000
0x1c94d984f49933531985d047a44e18fe592300444cf2888ed5b6eb3fe69f9f41,53,19000063,21000,16104054572,15804054572,6300000000000
0xaa17b6dfe10553384206558a24ffc02ae0d035b300b1fe25d803bb19603201e9,54,19000063,22744,16093085769,15804054572,6573725544568
0x8dbe94e05471f8578fb5e458bb3df406e96d1957f0c006d57f460d976d565adc,55,19000063,21000,16004054572,15804054572,4200000000000
0x6bae4f17c6e35d8abdec48709904ca8c4f9828e79a069a970cb5ab82c2127104,56,19000063,51438,16004054572,15804054572,10287600000000
0xea60ad8b4c81c5ed4b30397cc7ebe236b5fd14c933eed6bd0435e6777979ca34,57,19000063,51438,16004054572,15804054572,10287600000000
0x76ffdd226600523f1c7fc9c050c4c6d200ba9dbc053bdb4d5712d50d45bcef02,58,19000063,21000,16000000000,15804054572,4114853988000
0x2587abef1c8ffadce61788b3649d815bccc2caae9b694262531c4e50b101e02e,59,19000063,53090,15953517803,15804054572,7935002933790
0x9c594a536879f13666383850cb2661e0774a33ccca47fd7b513c7ec1d9739f98,60,19000063,52172,15904054572,15804054572,5217200000000
0x341e9d7871c93ec27f37f918fe74438e2d66b58d8b6bdaf445c0326710a7ae5f,61,19000063,52172,15904054572,15804054572,5217200000000
0x4216580e94c20d021187ef6a8111f5629d277156b48c04699662a60d9b33e53b,62,19000063,56960,15904054572,15804054572,5696000000000
0xa44126e18064a12c94db4e7abf3a74a7785f456f213870e29234d9cf69cecea9,63,19000063,52160,15904054572,15804054572,5216000000000
0xcc3a78a0a89b40b288b914dedd4498a67b4df6e2c2958e8157b0cd6bab402149,64,19000063,56972,15904054572,15804054572,5697200000000
0x51bdef53e0d759edf53036882d0954ff3d16107adfa22061350def5e7c153f32,65,19000063,35658,15904054572,15804054572,3565800000000
0x791b475d227f4dd1e7804add7393c343dc1ba66a1f651f8214b9cde236ee0f92,66,19000063,684803,15904054572,15804054572,68480300000000
0x440d93e8f527ed0b93856d65327ba0cd22623eb617335a4a909bdbcee189e16e,67,19000063,48573,15904054572,15804054572,4857300000000
0xe2628a2dc45001cc8f0297fdc8da21d2dc76cd66449fc497fd56dc15559d50cd,68,19000063,176617,15904054572,15804054572,17661700000000
0x3f3dc87f21d6522c146352b7001feb01dd726936ca9e78a94df18fcd2a8a04ad,69,19000063,182093,15904054572,15804054572,18209300000000
0x519eba48f039196ee45362b31c8bf9bec892cedb430f300a8468774d96324196,70,19000063,125975,15904054572,15804054572,12597500000000
0x7a858ad11182e9cf9f2cdd618824b6cf426a7c5c3ad69df1f38bb24766328f2e,71,19000063,73623,15904054572,15804054572,7362300000000
0xc2980c999c202e4bb7006f15f998732eba2ff90530c5c666d1f05ccc9f2311e9,72,19000063,245385,15904054572,15804054572,24538500000000
0x040400ffb5db168699a30e07719889b9c81988dea6192deaa94878e8189e2775,73,19000063,21000,15904054572,15804054572,2100000000000
0x8477b3b52f69ab959f47af2144aa5d88951f1dc87c1fb3f00b6a9b46425ea2f9,74,19000063,169203,15904054572,15804054572,16920300000000
0xd8f59857369620f7807169ebf8d1c8ced7cdee40f576bf9e38ee711dbf662fae,75,19000063,187814,15904054572,15804054572,18781400000000
0xd2b7093d754dae587d5410c223e2c7e40a5176e3a5cb5dc77e6085e6c7b4d128,76,19000063,21000,15904054572,15804054572,2100000000000
0xc190d806fc783c5a2c5a8fe05c2e78c55349e9325a417d3058787ce454a9541f,77,19000063,185877,15904054572,15804054572,18587700000000
0xfdcb84be005521c1d8a8a5a53d03666e04dbc0f2c77074109f3597bf29ef0114,78,19000063,157420,15904054572,15804054572,15742000000000
0xbea086de81500a5c30ede2bf66f7e8d8c320b023a7e42f8ddce65c6b26f13203,79,19000063,22200,15904054572,15804054572,2220000000000
0xe9e7c97a6c2517a3f7324943336dbece0a88e1f5347cfbb197325cd446021ebb,80,19000063,61270,15904054572,15804054572,6127000000000
0x33cf1fe24159e16b3e02ce2530b7f83a6004e0d8f7ec09e467ba2e4cae668257,81,19000063,126950,15904054572,15804054572,12695000000000
0xf6a959239d37b4ba25deeec8e641ee7793360d89893a6d1d2cfe479c74018847,82,19000063,21000,15904054572,15804054572,2100000000000
0xeab519c5954debc3cc6418b9634b00b42df947ee6c89b65dbd71b00ad1a28783,83,19000063,57460,15904054572,15804054572,5746000000000
0x1a29cbdb04b8c5a445f34525d1c704f1dde438931dbe4e0f602162ca84edb0c7,84,19000063,29280,15904054572,15804054572,2928000000000
0xef48fc4060c6ec7e9a78c45fe1e0e8a9886f6f0b968a9a6cb6de333c5a691ed4,85,19000063,67378,15904054572,15804054572,6737800000000
0x450172d8f9ada6a448fa8661979e7c1a284e255430eafeb53373cc674cee5c8f,86,19000063,160321,15904054572,15804054572,16032100000000
0x190b7538d760fe5e126b4312841fef9eb2ea661d0c8ba84e433677d5d9a4186a,87,19000063,46925,15904054572,15804054572,4692500000000
0x374a7434753e1c5a82d9d944e76e5daa156aad4f8a5581b5bce064061d152578,88,19000063,182069,15904054572,15804054572,18206900000000
0x6c19852f25cec1a99b6ac1fa594ae804847b6b7aa2a0aa5431ec1a7c5192b3e8,89,19000063,52148,15904054572,15804054572,5214800000000
0x60ca927ee3806d1d3ae06ddd066855254a10bca0e086de1237be5f9e06059f4c,90,19000063,21000,15904054572,15804054572,2100000000000
0x62ba78662f6ec26f7fd5ff762e748a9e26b019859e5fac15b68b72c5ad58e688,91,19000063,156545,15904054572,15804054572,15654500000000
0x00bb532ec601cd868c29aaf8e839d6d5cf5e8bf2e059c8eafa5edf3e393a5a45,92,19000063,63209,15904054572,15804054572,6320900000000
0x6f8df615db5151e512f276d6b51ba52e44105407b3f8f84ed84dbb29f88cbc81,93,19000063,21000,15904054572,15804054572,2100000000000
0xd8331a3f8b0bcb465544030c405770ff498fb789111056d13fedb2e6b21e7065,94,19000063,250562,15904054572,15804054572,25056200000000
0xf7f9685001cf7e9405b403d3374c0cf7cf98f30d6573f925e7cf7f70ffa734b9,95,19000063,46529,15904054572,15804054572,4652900000000
0xf8fc6d4b881d1195afe23ec684c942498ad14641b6715102eb7dd87894bb9f36,96,19000063,45306,15904054572,15804054572,4530600000000
0x3abda79ba8493123151a18b68a710d4c555fa9eefb58f7a93ef2dffa517b50a1,97,19000063,154534,15904054572,15804054572,15453400000000
0x30803c27d8ef1c7f2c53c0f4c218eb7aad86b76ca4d4689ee8f209e4696ab7b3,98,19000063,21000,15904054572,15804054572,2100000000000
0x527e3c29b282ade6ef9d1be3790e1091d2cb53f60eabfbdbda5ee52c614e8311,99,19000063,46587,15904054572,15804054572,4658700000000
0x1b7eee788e66ede9c40d7e68c7972c55acc3b3ae826f8635773699f3edd60996,100,19000063,183961,15904054572,15804054572,18396100000000
0xeb238c389d3abfee3fad9fcab8973902ca583f3913f322098ce368feaa56ffc3,101,19000063,21000,15904054572,15804054572,2100000000000
0xf2b6ab9207acec0d62eee9c3a62fdc69dd3b9177536da0d06deeb27ecbf551e3,102,19000063,22744,15904054572,15804054572,2274400000000
0x17ad78ff5bd59feccd30c9df24041c92d1674c3c54ea51956c8df821cdde99fa,103,19000063,123892,15904054572,15804054572,12389200000000
0x6d3e938eca433dec3ee6a7949a5b6e4fd380ef736f2bc97021d54bf023f67611,104,19000063,84407,15904054572,15804054572,8440700000000
0xa7741ed1f24dea0c6003176556184f26699c0ec3baf3f0617d993a249e995e1c,105,19000063,152546,15903054572,15804054572,15102054000000
0xd4a857c8a9e0b69b9e3be4d261781fb11f6c47f89d0c41eb451695c6249626c8,106,19000063,21000,15894054572,15804054572,1890000000000
0x81fbc0e5a5acdfbb7ffba97fab6493f84ac3b322ec5c6a572a81aaea1cea63ef,107,19000063,21000,15894054572,15804054572,1890000000000
0xa583922e4d1efda1f225f9e6a61b0adecefec5ae8353c09a0999bf6296ff4912,108,19000063,303094,15854054572,15804054572,15154700000000
0x48c1d4cc194c435c35f378d704642f438072a5d8009036897ddb5aa2cbf3800f,109,19000063,22000,15854054572,15804054572,1100000000000
0xbd8d1cb2dcc86407e9e0b7a55adaae0db17f274f058388707eee79915e93beb0,110,19000063,110009,15854054572,15804054572,5500450000000
0x4200a2e683f2d9ffd288f67f06c82d990aba0d727aaa8569795bd372193bd7fe,111,19000063,94723,15824054572,15804054572,1894460000000
0x8e953cd987d8f3c0ab4df5c56c7d51a5fd1a9fc1a6af1140634f319c106329d2,112,19000063,82957,15817485050,15804054572,1114152163446
0xc10132ef2b685903356879119eae5261ad78834be9d273587d7e7f6f9645b3de,113,19000063,21000,15815054572,15804054572,231000000000
0x3ac4c59f6a5db01aec80a69bb710faadb35609ceccba4c3e5eeaf09a7af9ac5b,114,19000063,833148,15814054572,15804054572,8331480000000
0x2e6629ca83291c8dffa93684d575441011aba041c3d7253bc8ab3e56112ffa45,115,19000063,21000,15814054572,15804054572,210000000000
0x590344016a3a7f1690b05d02d917dc59fb6452d5696248cb2edd4318c1fcb5cc,116,19000063,135650,15814054572,15804054572,1356500000000
0x8fb1fc78929f442ab306ff3af52e0aee32ac1763dbb81ed1a2bed7ef6690c61b,117,19000063,139895,15814054572,15804054572,1398950000000
0xcb47536b82d8c2acd0f94e9513d4872d21616adb2b304e16ae3c0519c9de0b8a,118,19000063,129546,15814054572,15804054572,1295460000000
0x0a7bdf120aea5057c7f8ca2f854b02108706b2287bd8b5f95be3d4dd000bb35c,119,19000063,57460,15814054572,15804054572,574600000000
0x165819f3b088ccef790963e35eabc9037babaca7cc3bfc14de99f1f000767288,120,19000063,21000,15814054572,15804054572,210000000000
0x2996f218a44c8b13f87e7389e625e550a2b72a6e08f0430a6eae36c33fb4aa72,121,19000063,53710,15814054572,15804054572,537100000000
0xc5a44581db0f15a50a9cda38bff7e3988c8b7074f997a67aae2cb6066bb35f05,122,19000063,21000,15814054572,15804054572,210000000000
